episode,reward
5000,1.0899999999999999
10000,1.0556
15000,1.1696
20000,0.9855999999999999
25000,1.288
30000,1.7772
35000,1.0432000000000001
40000,0.38720000000000004
45000,1.4195999999999995
