episode,reward
5000,1.4840000000000004
10000,1.1656000000000002
15000,1.1376
20000,1.1252
25000,0.9332
30000,1.2460000000000002
35000,1.0304
40000,1.3296000000000001
45000,1.2004000000000001
