episode,reward
5000,1.1656
10000,0.9203999999999999
15000,1.0184000000000002
20000,1.3896000000000002
25000,1.0304
30000,1.5332
35000,1.5751999999999997
40000,1.6244
45000,1.6079999999999999
