episode,reward
10000,1.2112000000000003
20000,1.2508
30000,1.1059999999999999
40000,1.4836
